file_name,peak_number,total_time,peak_t,peak_i,peak_start_i,peak_start_t,peak_amplitude,peak_rel_t,peak_rel_i,left_base_t,left_base_i,right_base_t,right_base_i,position_label
Separateevent     1.tdms,1,0.0014880000000000006,0.00214,-0.3055978660023069,-0.13713821772724266,0.0021,0.13102416223994062,0.5887096774193546,0.9554168371980565,0.002072,-0.11906591234750152,0.002192,-0.17457370376236625,a
